{
  "project_info": {
    "project_number": "352080169767",
    "firebase_url": "https://bloodbank-785cb.firebaseio.com",
    "project_id": "bloodbank-785cb",
    "storage_bucket": "bloodbank-785cb.appspot.com"
  },
  "client": [
    {
      "client_info": {
        "mobilesdk_app_id": "1:352080169767:android:20287a0fa4ddf7edfdf702",
        "android_client_info": {
          "package_name": "com.example.bloodbank"
        }
      },
      "oauth_client": [
        {
          "client_id": "352080169767-9ndteebqjo8hv2grvktbq0f4oevksdto.apps.googleusercontent.com",
          "client_type": 1,
          "android_info": {
            "package_name": "com.example.bloodbank",
            "certificate_hash": "7f521f247569fc6fb3f55793dcaa02e2d0e35ec5"
          }
        },
        {
          "client_id": "352080169767-nam6e6jjvmonv3e3dkm56cr1bue3iams.apps.googleusercontent.com",
          "client_type": 3
        }
      ],
      "api_key": [
        {
          "current_key": "AIzaSyDymSwcAutvTiPblwLWny5j4UdvHobPWMo"
        }
      ],
      "services": {
        "appinvite_service": {
          "other_platform_oauth_client": [
            {
              "client_id": "352080169767-nam6e6jjvmonv3e3dkm56cr1bue3iams.apps.googleusercontent.com",
              "client_type": 3
            }
          ]
        }
      }
    }
  ],
  "configuration_version": "1"
}